"DESCRIPTION","DURATION IN MS","NAME","PARENT SUITE","START TIME","STATUS","STOP TIME","SUB SUITE","SUITE","TEST CLASS","TEST METHOD"
"","227","filterBookingsTest","Surefire suite","Sat Oct 03 03:19:00 UTC 2026","passed","Sat Oct 03 03:19:00 UTC 2026","tests.BookingFilterTest","Surefire test","tests.BookingFilterTest","filterBookingsTest"
"","247","loginWithDataProviderTest","Surefire suite","Sat Oct 03 03:18:55 UTC 2026","passed","Sat Oct 03 03:18:56 UTC 2026","tests.AuthTest","Surefire test","tests.AuthTest","loginWithDataProviderTest"
"","276","loginWithInvalidCredentialsTest","Surefire suite","Sat Oct 03 03:18:55 UTC 2026","passed","Sat Oct 03 03:18:55 UTC 2026","tests.AuthTest","Surefire test","tests.AuthTest","loginWithInvalidCredentialsTest"
"","236","filterBookingsTest","Surefire suite","Sat Oct 03 03:19:00 UTC 2026","passed","Sat Oct 03 03:19:00 UTC 2026","tests.BookingFilterTest","Surefire test","tests.BookingFilterTest","filterBookingsTest"
"","249","updateBookingTest","Surefire suite","Sat Oct 03 03:18:57 UTC 2026","passed","Sat Oct 03 03:18:58 UTC 2026","tests.BookingCrudTest","Surefire test","tests.BookingCrudTest","updateBookingTest"
"","402","filterBookingsTest","Surefire suite","Sat Oct 03 03:19:00 UTC 2026","passed","Sat Oct 03 03:19:00 UTC 2026","tests.BookingFilterTest","Surefire test","tests.BookingFilterTest","filterBookingsTest"
"","237","filterBookingsTest","Surefire suite","Sat Oct 03 03:18:59 UTC 2026","passed","Sat Oct 03 03:19:00 UTC 2026","tests.BookingFilterTest","Surefire test","tests.BookingFilterTest","filterBookingsTest"
"","431","getAllBookingsTest","Surefire suite","Sat Oct 03 03:19:00 UTC 2026","passed","Sat Oct 03 03:19:01 UTC 2026","tests.BookingFilterTest","Surefire test","tests.BookingFilterTest","getAllBookingsTest"
"","719","deleteBookingTest","Surefire suite","Sat Oct 03 03:18:58 UTC 2026","passed","Sat Oct 03 03:18:59 UTC 2026","tests.BookingCrudTest","Surefire test","tests.BookingCrudTest","deleteBookingTest"
"","247","patchBookingTest","Surefire suite","Sat Oct 03 03:18:58 UTC 2026","passed","Sat Oct 03 03:18:58 UTC 2026","tests.BookingCrudTest","Surefire test","tests.BookingCrudTest","patchBookingTest"
"","252","loginWithDataProviderTest","Surefire suite","Sat Oct 03 03:18:55 UTC 2026","passed","Sat Oct 03 03:18:55 UTC 2026","tests.AuthTest","Surefire test","tests.AuthTest","loginWithDataProviderTest"
"","250","loginWithDataProviderTest","Surefire suite","Sat Oct 03 03:18:56 UTC 2026","passed","Sat Oct 03 03:18:56 UTC 2026","tests.AuthTest","Surefire test","tests.AuthTest","loginWithDataProviderTest"
"","223","getNotExistingBookingTest","Surefire suite","Sat Oct 03 03:18:59 UTC 2026","passed","Sat Oct 03 03:18:59 UTC 2026","tests.BookingCrudTest","Surefire test","tests.BookingCrudTest","getNotExistingBookingTest"
"","255","getBookingByIdTest","Surefire suite","Sat Oct 03 03:18:57 UTC 2026","passed","Sat Oct 03 03:18:57 UTC 2026","tests.BookingCrudTest","Surefire test","tests.BookingCrudTest","getBookingByIdTest"
"","221","deleteWithoutTokenTest","Surefire suite","Sat Oct 03 03:18:59 UTC 2026","passed","Sat Oct 03 03:18:59 UTC 2026","tests.BookingCrudTest","Surefire test","tests.BookingCrudTest","deleteWithoutTokenTest"
"","249","loginWithDataProviderTest","Surefire suite","Sat Oct 03 03:18:55 UTC 2026","passed","Sat Oct 03 03:18:55 UTC 2026","tests.AuthTest","Surefire test","tests.AuthTest","loginWithDataProviderTest"
"","398","loginWithValidCredentialsTest","Surefire suite","Sat Oct 03 03:18:54 UTC 2026","passed","Sat Oct 03 03:18:54 UTC 2026","tests.AuthTest","Surefire test","tests.AuthTest","loginWithValidCredentialsTest"
"","248","createBookingTest","Surefire suite","Sat Oct 03 03:18:57 UTC 2026","passed","Sat Oct 03 03:18:57 UTC 2026","tests.BookingCrudTest","Surefire test","tests.BookingCrudTest","createBookingTest"
"","249","loginWithDataProviderTest","Surefire suite","Sat Oct 03 03:18:56 UTC 2026","passed","Sat Oct 03 03:18:56 UTC 2026","tests.AuthTest","Surefire test","tests.AuthTest","loginWithDataProviderTest"
